{
  "size": "M",
  "hidden": 16,
  "n_enc_layers": 1,
  "n_dec_layers": 1,
  "T": 30,
  "n_features": 36,
  "tau": 0.77,
  "anchor_index": 0,
  "anchor_score": 0.6720587611198425,
  "epochs": 100,
  "batch_size": 32,
  "lr": 0.001,
  "final_train_mse": 0.5989234519004821,
  "final_test_mse": 0.5942269563674927,
  "n_params": 6244
}