{
  "size": "L",
  "hidden": 64,
  "n_enc_layers": 1,
  "n_dec_layers": 1,
  "T": 30,
  "n_features": 36,
  "tau": 0.77,
  "anchor_index": 0,
  "anchor_score": 0.6046409606933594,
  "epochs": 100,
  "batch_size": 32,
  "lr": 0.001,
  "final_train_mse": 0.515857150554657,
  "final_test_mse": 0.5260831117630005,
  "n_params": 61732
}