{
  "size": "S",
  "hidden": 4,
  "n_enc_layers": 1,
  "n_dec_layers": 1,
  "T": 30,
  "n_features": 36,
  "tau": 0.77,
  "anchor_index": 1,
  "anchor_score": 0.601118803024292,
  "epochs": 100,
  "batch_size": 32,
  "lr": 0.001,
  "final_train_mse": 0.6482020211219788,
  "final_test_mse": 0.640916645526886,
  "n_params": 1012
}